parent_cdk,child_cdk,event_year,event_type,confidence_score,weight_type
WB_24parg_1961,WB_south2_1971,1971,SPLIT,1.0,none
WB_24parg_1961,WB_south2_1971,1971,SPLIT,1.0,none
WB_barddh_1951,WB_paschi_2011,2024,SPLIT,1.0,none
WB_barddh_1951,WB_purbab_2024,2024,SPLIT,1.0,none
WB_barddh_1951,WB_barddh_1951,1981,CONTINUITY,1.0,none
WB_barddh_1951,WB_barddh_1951,1981,CONTINUITY,1.0,none
WB_barddh_1951,WB_barddh_1951,1981,CONTINUITY,1.0,none
WB_kolkat_1951,WB_kolkat_1951,2001,CONTINUITY,1.0,none
WB_kochbi_1971,WB_kochbi_1971,1981,CONTINUITY,1.0,none
WB_darjil_1971,WB_darjil_1971,1981,CONTINUITY,1.0,none
WB_darjil_1971,WB_darjil_1971,1981,CONTINUITY,1.0,none
WB_darjil_1971,WB_kalimp_2024,2024,SPLIT,1.0,none
WB_hooghl_1971,WB_hugli_1981,1981,SPLIT,1.0,none
WB_haora_1971,WB_haora_1971,1981,CONTINUITY,1.0,none
WB_jalpai_2011,WB_alipur_2024,2024,SPLIT,1.0,none
WB_malda_1971,WB_maldah_1981,1981,SPLIT,1.0,none
WB_medini_1951,WB_paschi_2011,2011,SPLIT,1.0,none
WB_medini_1951,WB_purbam_2011,2011,SPLIT,1.0,none
WB_medini_1951,WB_paschi_2011,2011,SPLIT,1.0,none
WB_medini_1951,WB_medini_1951,1981,CONTINUITY,1.0,none
WB_medini_1951,WB_medini_1951,1981,CONTINUITY,1.0,none
WB_medini_1951,WB_medini_1951,1981,CONTINUITY,1.0,none
WB_medini_1951,WB_medini_1951,1961,CONTINUITY,1.0,none
WB_medini_1951,WB_medini_1951,1961,CONTINUITY,1.0,none
WB_medini_1951,WB_medini_1951,1961,CONTINUITY,1.0,none
WB_paschi_2011,WB_jhargr_2024,2024,SPLIT,1.0,none
WB_puruli_1971,WB_puruli_1971,1981,CONTINUITY,1.0,none
WB_south2_1971,WB_northt_1991,1991,SPLIT,1.0,none
WB_south2_1971,WB_southt_1991,1991,SPLIT,1.0,none
WB_dakshi_1991,WB_uttard_2001,2001,SPLIT,1.0,none
WB_dakshi_1991,WB_dakshi_1991,2001,CONTINUITY,1.0,none
UK_almora_1951,UK_pithor_1961,1961,SPLIT,1.0,none
UK_almora_1951,UK_pithor_1961,1961,SPLIT,1.0,none
UK_almora_1951,UK_bagesh_2001,2001,SPLIT,1.0,none
UK_chamol_1961,UK_rudrap_2001,2001,SPLIT,1.0,none
UK_dehrad_1991,UK_dehrad_1991,2001,CONTINUITY,1.0,none
UK_garhwa_1951,UK_chamol_1961,1961,SPLIT,1.0,none
UK_garhwa_1951,UK_chamol_1961,1961,SPLIT,1.0,none
UK_nainit_1971,UK_nainit_1971,1981,CONTINUITY,1.0,none
UK_nainit_1971,UK_nainit_1971,1981,CONTINUITY,1.0,none
UK_nainit_1971,UK_udhams_2001,2001,SPLIT,1.0,none
UK_pithor_1961,UK_champa_2001,2001,SPLIT,1.0,none
UK_sahara_1981,UK_hardwa_1991,1991,SPLIT,1.0,none
UK_tehri_1951,UK_uttark_1961,1961,SPLIT,1.0,none
UK_uttark_1961,UK_uttark_1961,1981,CONTINUITY,1.0,none
UK_uttark_1961,UK_uttark_1961,2001,CONTINUITY,1.0,none
UK_uttark_1961,UK_uttark_1961,1991,CONTINUITY,1.0,none
UP_agra_1981,UP_firoza_1991,1991,SPLIT,1.0,none
UP_aligar_1991,UP_hathra_2001,2001,SPLIT,1.0,none
UP_allaha_1951,UP_kausha_2001,2001,SPLIT,1.0,none
UP_allaha_1951,UP_prayag_2024,2024,SPLIT,1.0,none
UP_azamga_1981,UP_mau_1991,1991,SPLIT,1.0,none
UP_bahrai_1991,UP_shrawa_2001,2001,SPLIT,1.0,none
UP_varana_1951,UP_varana_1951,1961,CONTINUITY,1.0,none
UP_varana_1951,UP_varana_1951,1961,CONTINUITY,1.0,none
UP_varana_1951,UP_varana_1951,1961,CONTINUITY,1.0,none
UP_banda_1991,UP_chitra_2001,2001,SPLIT,1.0,none
UP_baraba_1991,UP_baraba_1991,2001,CONTINUITY,1.0,none
UP_baraba_1991,UP_baraba_1991,2011,CONTINUITY,1.0,none
UP_basti_1981,UP_siddha_1991,1991,SPLIT,1.0,none
UP_basti_1981,UP_santka_2001,2001,SPLIT,1.0,none
UP_budaun_2011,UP_sambha_2024,2024,SPLIT,1.0,none
UP_buland_1971,UP_ghazia_1981,1981,SPLIT,1.0,none
UP_buland_1971,UP_ghazia_1981,1981,SPLIT,1.0,none
UP_buland_1971,UP_gautam_2001,2001,SPLIT,1.0,none
UP_deoria_1991,UP_kushin_2001,2001,SPLIT,1.0,none
UP_etah_2001,UP_kanshi_2011,2011,SPLIT,1.0,none
UP_etawah_1991,UP_auraiy_2001,2001,SPLIT,1.0,none
UP_etawah_1991,UP_etawah_1991,2001,CONTINUITY,1.0,none
UP_etawah_1991,UP_etawah_1991,2011,CONTINUITY,1.0,none
UP_ayodhy_1991,UP_ambedk_2001,2001,SPLIT,1.0,none
UP_ayodhy_1991,UP_ayodhy_1991,2024,CONTINUITY,1.0,none
UP_farruk_1991,UP_kannau_2001,2001,SPLIT,1.0,none
UP_ghazia_1981,UP_gautam_2001,2001,SPLIT,1.0,none
UP_ghazia_1981,UP_hapurp_2024,2024,SPLIT,1.0,none
UP_gonda_1991,UP_balram_2001,2001,SPLIT,1.0,none
UP_gorakh_1981,UP_mahara_1991,1991,SPLIT,1.0,none
UP_hamirp_1991,UP_mahoba_2001,2001,SPLIT,1.0,none
UP_hathra_2001,UP_hathra_2001,2011,CONTINUITY,1.0,none
UP_jhansi_1971,UP_lalitp_1981,1981,SPLIT,1.0,none
UP_amroha_2001,UP_amroha_2001,2024,CONTINUITY,1.0,none
UP_kanpur_1951,UP_kanpur_1951,1991,CONTINUITY,1.0,none
UP_kanpur_1951,UP_kanpur_1951,1991,CONTINUITY,1.0,none
UP_kanshi_2011,UP_kasgan_2024,2024,SPLIT,1.0,none
UP_hathra_2001,UP_hathra_2001,2024,CONTINUITY,1.0,none
UP_mahara_1991,UP_mahraj_2011,2011,SPLIT,1.0,none
UP_mainpu_1981,UP_firoza_1991,1991,SPLIT,1.0,none
UP_meerut_1951,UP_ghazia_1981,1981,SPLIT,1.0,none
UP_meerut_1951,UP_ghazia_1981,1981,SPLIT,1.0,none
UP_meerut_1951,UP_baghpa_2001,2001,SPLIT,1.0,none
UP_mirzap_1981,UP_sonbha_1991,1991,SPLIT,1.0,none
UP_morada_1991,UP_amroha_2001,2001,SPLIT,1.0,none
UP_morada_1991,UP_sambha_2024,2024,SPLIT,1.0,none
UP_muzaff_2011,UP_shamli_2024,2024,SPLIT,1.0,none
UP_bhadoh_2001,UP_bhadoh_2001,2011,CONTINUITY,1.0,none
UP_bhadoh_2001,UP_bhadoh_2001,2024,CONTINUITY,1.0,none
UP_sultan_2011,UP_amethi_2024,2024,SPLIT,1.0,none
UP_varana_1951,UP_chanda_2001,2001,SPLIT,1.0,none
UP_varana_1951,UP_bhadoh_2001,2001,SPLIT,1.0,none
TR_northt_1971,TR_dhalai_2001,2001,SPLIT,1.0,none
TR_northt_1971,TR_unakot_2024,2024,SPLIT,1.0,none
TR_southt_1971,TR_gomati_2024,2024,SPLIT,1.0,none
TR_tripur_1951,TR_westtr_1971,1971,SPLIT,1.0,none
TR_tripur_1951,TR_southt_1971,1971,SPLIT,1.0,none
TR_tripur_1951,TR_northt_1971,1971,SPLIT,1.0,none
TR_tripur_1951,TR_northt_1971,1971,SPLIT,1.0,none
TR_tripur_1951,TR_southt_1971,1971,SPLIT,1.0,none
TR_tripur_1951,TR_westtr_1971,1971,SPLIT,1.0,none
TR_tripur_1951,TR_westtr_1971,1971,SPLIT,1.0,none
TR_tripur_1951,TR_northt_1971,1971,SPLIT,1.0,none
TR_westtr_1971,TR_khowai_2024,2024,SPLIT,1.0,none
TR_westtr_1971,TR_sipahi_2024,2024,SPLIT,1.0,none
TG_adilab_2011,TG_kumura_2024,2024,SPLIT,1.0,none
TG_adilab_2011,TG_manche_2024,2024,SPLIT,1.0,none
TG_adilab_2011,TG_nirmal_2024,2024,SPLIT,1.0,none
TG_hydera_1971,TG_rangar_1981,1981,SPLIT,1.0,none
TG_hydera_1971,TG_rangar_1981,1981,SPLIT,1.0,none
TG_hydera_1971,TG_rangar_1981,1981,SPLIT,1.0,none
TG_karimn_2011,TG_jagtia_2024,2024,SPLIT,1.0,none
TG_karimn_2011,TG_peddap_2024,2024,SPLIT,1.0,none
TG_karimn_2011,TG_rajann_2024,2024,SPLIT,1.0,none
TG_karimn_2011,TG_jayash_2024,2024,SPLIT,1.0,none
TG_karimn_2011,TG_siddip_2024,2024,SPLIT,1.0,none
TG_khamma_1961,TG_mulugu_2024,2024,SPLIT,1.0,none
TG_khamma_1961,TG_bhadra_2024,2024,SPLIT,1.0,none
TG_khamma_1961,TG_mahabu_2024,2024,SPLIT,1.0,none
TG_mahbub_2011,TG_jogula_2024,2024,SPLIT,1.0,none
TG_mahbub_2011,TG_nagark_2024,2024,SPLIT,1.0,none
TG_mahbub_2011,TG_wanapa_2024,2024,SPLIT,1.0,none
TG_mahbub_2011,TG_naraya_2024,2024,SPLIT,1.0,none
TG_medak_2011,TG_sangar_2024,2024,SPLIT,1.0,none
TG_medak_2011,TG_siddip_2024,2024,SPLIT,1.0,none
TG_nalgon_2011,TG_suryap_2024,2024,SPLIT,1.0,none
TG_nalgon_2011,TG_yadadr_2024,2024,SPLIT,1.0,none
TG_nalgon_2011,TG_jangao_2024,2024,SPLIT,1.0,none
TG_nizama_2011,TG_kamare_2024,2024,SPLIT,1.0,none
TG_rangar_1981,TG_rangar_1981,2011,CONTINUITY,1.0,none
TG_rangar_1981,TG_rangar_1981,2011,CONTINUITY,1.0,none
TG_rangar_1981,TG_rangar_1981,2011,CONTINUITY,1.0,none
TG_rangar_1981,TG_medcha_2024,2024,SPLIT,1.0,none
TG_rangar_1981,TG_vikara_2024,2024,SPLIT,1.0,none
TG_warang_1951,TG_khamma_1961,1961,SPLIT,1.0,none
TG_warang_1951,TG_khamma_1961,1961,SPLIT,1.0,none
TG_warang_1951,TG_khamma_1961,1961,SPLIT,1.0,none
TG_warang_1951,TG_khamma_1961,1961,SPLIT,1.0,none
TG_warang_1951,TG_warang_1951,2024,CONTINUITY,1.0,none
TG_warang_1951,TG_warang_1951,2024,CONTINUITY,1.0,none
TG_warang_1951,TG_jayash_2024,2024,SPLIT,1.0,none
TG_warang_1951,TG_mahabu_2024,2024,SPLIT,1.0,none
TG_warang_1951,TG_jangao_2024,2024,SPLIT,1.0,none
TG_warang_1951,TG_mulugu_2024,2024,SPLIT,1.0,none
TN_chenga_1951,TN_chenga_1951,1991,CONTINUITY,1.0,none
TN_chenga_1951,TN_chenga_1951,1991,CONTINUITY,1.0,none
TN_chenga_1951,TN_chenga_1951,1991,CONTINUITY,1.0,none
TN_chenga_1951,TN_thiruv_1951,2001,SPLIT,1.0,none
TN_chenga_1951,TN_chenga_1951,2001,CONTINUITY,1.0,none
TN_chenga_1951,TN_chenga_1951,2001,CONTINUITY,1.0,none
TN_chidam_1991,TN_thooth_2001,2001,SPLIT,1.0,none
TN_chenga_1951,TN_chenga_1951,1971,CONTINUITY,1.0,none
TN_chenga_1951,TN_chenga_1951,1971,CONTINUITY,1.0,none
TN_chenga_1951,TN_chenga_1951,1971,CONTINUITY,1.0,none
TN_coimba_1951,TN_periya_1981,1981,SPLIT,1.0,none
TN_coimba_1951,TN_periya_1981,1981,SPLIT,1.0,none
TN_coimba_1951,TN_tirupp_2011,2011,SPLIT,1.0,none
TN_dharma_1971,TN_krishn_2011,2011,SPLIT,1.0,none
TN_dindig_1991,TN_dindig_1991,2001,CONTINUITY,1.0,none
TN_erode_2001,TN_tirupp_2011,2011,SPLIT,1.0,none
TN_kamara_1991,TN_virudh_2001,2001,SPLIT,1.0,none
TN_chenga_1951,TN_chenga_1951,2024,CONTINUITY,1.0,none
TN_kanniy_1961,TN_kanniy_1961,1971,CONTINUITY,1.0,none
TN_chenna_1991,TN_chenna_1991,2001,CONTINUITY,1.0,none
TN_madura_1951,TN_dindig_1991,1991,SPLIT,1.0,none
TN_madura_1951,TN_theni_2001,2001,SPLIT,1.0,none
TN_nagapa_2001,TN_mayila_2024,2024,SPLIT,1.0,none
TN_nilgir_1951,TN_nilgir_1951,1971,CONTINUITY,1.0,none
TN_nilgir_1951,TN_nilgir_1951,2001,CONTINUITY,1.0,none
TN_nilgir_1951,TN_nilgir_1951,1961,CONTINUITY,1.0,none
TN_nilgir_1951,TN_nilgir_1951,1981,CONTINUITY,1.0,none
TN_narcot_1981,TN_narcot_1981,1991,CONTINUITY,1.0,none
TN_narcot_1981,TN_tiruva_1991,1991,SPLIT,1.0,none
TN_narcot_1981,TN_narcot_1981,1991,CONTINUITY,1.0,none
TN_narcot_1981,TN_narcot_1981,1991,CONTINUITY,1.0,none
TN_narcot_1981,TN_vellor_2001,2001,SPLIT,1.0,none
TN_narcot_1981,TN_vellor_2001,2001,SPLIT,1.0,none
TN_narcot_1981,TN_vellor_2001,2001,SPLIT,1.0,none
TN_pasump_1991,TN_sivaga_2001,2001,SPLIT,1.0,none
TN_peramb_2001,TN_ariyal_2011,2011,SPLIT,1.0,none
TN_periya_1981,TN_erode_2001,2001,SPLIT,1.0,none
TN_periya_1981,TN_erode_2001,2001,SPLIT,1.0,none
TN_ramana_1981,TN_pasump_1991,1991,SPLIT,1.0,none
TN_ramana_1981,TN_kamara_1991,1991,SPLIT,1.0,none
TN_salem_1961,TN_dharma_1971,1971,SPLIT,1.0,none
TN_salem_1961,TN_dharma_1971,1971,SPLIT,1.0,none
TN_salem_1961,TN_namakk_2001,2001,SPLIT,1.0,none
TN_cuddal_1991,TN_vilupp_2001,2001,SPLIT,1.0,none
TN_cuddal_1991,TN_cuddal_1991,2001,CONTINUITY,1.0,none
TN_cuddal_1991,TN_vilupp_2001,2001,SPLIT,1.0,none
TN_thanja_1951,TN_thanja_1951,1961,CONTINUITY,1.0,none
TN_thanja_1951,TN_thanja_1951,1961,CONTINUITY,1.0,none
TN_thanja_1951,TN_thanja_1951,1961,CONTINUITY,1.0,none
TN_thanja_1951,TN_thanja_1951,1961,CONTINUITY,1.0,none
TN_thanja_1951,TN_thanja_1951,1961,CONTINUITY,1.0,none
TN_thanja_1951,TN_pudukk_1981,1981,SPLIT,1.0,none
TN_thanja_1951,TN_nagapa_2001,2001,SPLIT,1.0,none
TN_thanja_1951,TN_thiruv_1951,2001,SPLIT,1.0,none
TN_thanja_1951,TN_nagapa_2001,2001,SPLIT,1.0,none
TN_tiruch_1971,TN_karur_2001,2001,SPLIT,1.0,none
TN_tiruch_1971,TN_peramb_2001,2001,SPLIT,1.0,none
TN_tiruch_1971,TN_peramb_2001,2001,SPLIT,1.0,none
TN_tiruch_1971,TN_tiruch_1971,2011,CONTINUITY,1.0,none
TN_tiruch_1971,TN_tiruch_1971,1981,CONTINUITY,1.0,none
TN_tiruch_1971,TN_tiruch_1971,1981,CONTINUITY,1.0,none
TN_tiruch_1971,TN_tiruch_1971,1981,CONTINUITY,1.0,none
TN_tiruch_1971,TN_tiruch_1971,1981,CONTINUITY,1.0,none
TN_tiruch_1971,TN_pudukk_1981,1981,SPLIT,1.0,none
TN_tirune_1981,TN_chidam_1991,1991,SPLIT,1.0,none
TN_tirune_1981,TN_tirune_1981,1991,CONTINUITY,1.0,none
TN_tirune_1981,TN_tirune_1981,1991,CONTINUITY,1.0,none
TN_tirune_1981,TN_tenkas_2024,2024,SPLIT,1.0,none
TN_tirune_1981,TN_tirune_1981,2001,CONTINUITY,1.0,none
TN_tirune_1981,TN_tirune_1981,2001,CONTINUITY,1.0,none
TN_tiruva_1991,TN_tiruva_1991,2011,CONTINUITY,1.0,none
TN_tiruva_1991,TN_tiruva_1991,2001,CONTINUITY,1.0,none
TN_thooth_2001,TN_thooth_2001,2011,CONTINUITY,1.0,none
TN_thiruv_1951,TN_kanniy_1961,1961,SPLIT,1.0,none
TN_vellor_2001,TN_tirupa_2024,2024,SPLIT,1.0,none
TN_vellor_2001,TN_ranipe_2024,2024,SPLIT,1.0,none
TN_vilupp_2001,TN_kallak_2024,2024,SPLIT,1.0,none
SK_east_2001,SK_gangto_2024,2024,SPLIT,1.0,none
SK_east_2001,SK_pakyon_2024,2024,SPLIT,1.0,none
SK_eastdi_1981,SK_east_2001,2001,SPLIT,1.0,none
SK_eastdi_1981,SK_east_2001,2001,SPLIT,1.0,none
SK_north_2001,SK_mangan_2024,2024,SPLIT,1.0,none
SK_northd_1981,SK_north_2001,2001,SPLIT,1.0,none
SK_sikkim_1971,SK_eastdi_1981,1981,SPLIT,1.0,none
SK_sikkim_1971,SK_westdi_1981,1981,SPLIT,1.0,none
SK_sikkim_1971,SK_southd_1981,1981,SPLIT,1.0,none
SK_sikkim_1971,SK_northd_1981,1981,SPLIT,1.0,none
SK_sikkim_1971,SK_eastdi_1981,1981,SPLIT,1.0,none
SK_sikkim_1971,SK_westdi_1981,1981,SPLIT,1.0,none
SK_south_2001,SK_namchi_2024,2024,SPLIT,1.0,none
SK_southd_1981,SK_south_2001,2001,SPLIT,1.0,none
SK_west_2001,SK_gyalsh_2024,2024,SPLIT,1.0,none
SK_west_2001,SK_soreng_2024,2024,SPLIT,1.0,none
SK_westdi_1981,SK_west_2001,2001,SPLIT,1.0,none
SK_westdi_1981,SK_west_2001,2001,SPLIT,1.0,none
RJ_bharat_1981,RJ_dhaulp_1991,1991,SPLIT,1.0,none
RJ_chitto_1951,RJ_chitto_1951,1971,CONTINUITY,1.0,none
RJ_chitto_1951,RJ_chitto_1951,1971,CONTINUITY,1.0,none
RJ_chitto_1951,RJ_pratap_2011,2011,SPLIT,1.0,none
RJ_chitto_1951,RJ_chitto_1951,1961,CONTINUITY,1.0,none
RJ_chitto_1951,RJ_chitto_1951,1961,CONTINUITY,1.0,none
RJ_gangan_1991,RJ_hanuma_2001,2001,SPLIT,1.0,none
RJ_jaipur_1951,RJ_dausa_2001,2001,SPLIT,1.0,none
RJ_jalore_1951,RJ_jalore_1951,1961,CONTINUITY,1.0,none
RJ_jhunjh_1961,RJ_jhunjh_1961,1971,CONTINUITY,1.0,none
RJ_kota_1951,RJ_baran_2001,2001,SPLIT,1.0,none
RJ_kotah_1951,RJ_kota_1951,1961,SPLIT,1.0,none
RJ_kotah_1951,RJ_kota_1951,1961,SPLIT,1.0,none
RJ_sawaim_1951,RJ_karaul_2001,2001,SPLIT,1.0,none
RJ_sawaim_1951,RJ_sawaim_1951,1961,CONTINUITY,1.0,none
RJ_sawaim_1951,RJ_sawaim_1951,1961,CONTINUITY,1.0,none
RJ_udaipu_1951,RJ_rajsam_2001,2001,SPLIT,1.0,none
PB_amrits_2001,PB_tarnta_2011,2011,SPLIT,1.0,none
PB_barnal_1951,PB_sangru_1951,1961,SPLIT,1.0,none
PB_bhatin_1951,PB_mansa_2001,2001,SPLIT,1.0,none
PB_bhatin_1951,PB_faridk_1981,1981,SPLIT,1.0,none
PB_bhatin_1951,PB_faridk_1981,1981,SPLIT,1.0,none
PB_bhatin_1951,PB_faridk_1981,1981,SPLIT,1.0,none
PB_bhatin_1951,PB_bhatin_1951,1981,CONTINUITY,1.0,none
PB_bhatin_1951,PB_bhatin_1951,1981,CONTINUITY,1.0,none
PB_faridk_1981,PB_moga_2001,2001,SPLIT,1.0,none
PB_faridk_1981,PB_srimuk_2001,2001,SPLIT,1.0,none
PB_fatehg_1951,PB_patial_1951,1961,SPLIT,1.0,none
PB_firozp_1951,PB_firozp_1951,1971,CONTINUITY,1.0,none
PB_firozp_1951,PB_firozp_1951,1971,CONTINUITY,1.0,none
PB_firozp_1951,PB_firozp_1951,1971,CONTINUITY,1.0,none
PB_firozp_1951,PB_faridk_1981,1981,SPLIT,1.0,none
PB_firozp_1951,PB_fazilk_2024,2024,SPLIT,1.0,none
PB_gurdas_1951,PB_pathan_2024,2024,SPLIT,1.0,none
PB_hoshia_1961,PB_ropar_1971,1971,SPLIT,1.0,none
PB_hoshia_1961,PB_ropar_1971,1971,SPLIT,1.0,none
PB_hoshia_1961,PB_shahid_2001,2001,SPLIT,1.0,none
PB_jaland_1971,PB_shahid_2001,2001,SPLIT,1.0,none
PB_jaland_1971,PB_jaland_1971,1981,CONTINUITY,1.0,none
PB_jaland_1971,PB_jaland_1971,1981,CONTINUITY,1.0,none
PB_srimuk_2001,PB_srimuk_2001,2024,CONTINUITY,1.0,none
PB_shahid_2001,PB_shahid_2001,2011,CONTINUITY,1.0,none
PB_shahid_2001,PB_shahid_2001,2011,CONTINUITY,1.0,none
PB_patial_1951,PB_fatehg_1951,2001,SPLIT,1.0,none
PB_patial_1951,PB_mohali_2011,2011,SPLIT,1.0,none
PB_ropar_1971,PB_rupnag_1981,1981,SPLIT,1.0,none
PB_ropar_1971,PB_rupnag_1981,1981,SPLIT,1.0,none
PB_rupnag_1981,PB_mohali_2011,2011,SPLIT,1.0,none
PB_sangru_1951,PB_barnal_1951,2011,SPLIT,1.0,none
PB_sangru_1951,PB_malerk_2024,2024,SPLIT,1.0,none
PY_puduch_2001,PY_puduch_2001,2011,CONTINUITY,1.0,none
OD_balang_1981,OD_sonapu_2001,2001,SPLIT,1.0,none
OD_balaso_1971,OD_balesh_1981,1981,SPLIT,1.0,none
OD_balaso_1971,OD_balesh_1981,1981,SPLIT,1.0,none
OD_balesh_1981,OD_bhadra_2001,2001,SPLIT,1.0,none
OD_baudh_1951,OD_baudh_1951,1981,CONTINUITY,1.0,none
OD_baudh_1951,OD_baudh_1951,1981,CONTINUITY,1.0,none
OD_bolang_1971,OD_balang_1981,1981,SPLIT,1.0,none
OD_bolang_1971,OD_balang_1981,1981,SPLIT,1.0,none
OD_cuttac_1991,OD_kendra_2001,2001,SPLIT,1.0,none
OD_cuttac_1991,OD_jagats_2001,2001,SPLIT,1.0,none
OD_cuttac_1991,OD_jajapu_2001,2001,SPLIT,1.0,none
OD_dhenka_1991,OD_anugul_2001,2001,SPLIT,1.0,none
OD_ganjam_1991,OD_gajapa_2001,2001,SPLIT,1.0,none
OD_kalaha_1991,OD_nuapad_2001,2001,SPLIT,1.0,none
OD_keonjh_1971,OD_kenduj_1981,1981,SPLIT,1.0,none
OD_korapu_1991,OD_rayaga_2001,2001,SPLIT,1.0,none
OD_korapu_1991,OD_nabara_2001,2001,SPLIT,1.0,none
OD_korapu_1991,OD_malkan_2001,2001,SPLIT,1.0,none
OD_baudh_1951,OD_kandha_2001,2001,SPLIT,1.0,none
OD_baudh_1951,OD_baudh_1951,2001,CONTINUITY,1.0,none
OD_baudh_1951,OD_baudh_1951,1961,CONTINUITY,1.0,none
OD_baudh_1951,OD_baudh_1951,1961,CONTINUITY,1.0,none
OD_puri_1991,OD_nayaga_2001,2001,SPLIT,1.0,none
OD_puri_1991,OD_khordh_2001,2001,SPLIT,1.0,none
OD_sambal_1991,OD_bargar_2001,2001,SPLIT,1.0,none
OD_sambal_1991,OD_jharsu_2001,2001,SPLIT,1.0,none
OD_sambal_1991,OD_debaga_2001,2001,SPLIT,1.0,none
OD_sonapu_2001,OD_subarn_2011,2011,SPLIT,1.0,none
NC_delhi_1991,NC_northw_2001,2001,SPLIT,1.0,none
NC_delhi_1991,NC_north_2001,2001,SPLIT,1.0,none
NC_delhi_1991,NC_northe_2001,2001,SPLIT,1.0,none
NC_delhi_1991,NC_east_2001,2001,SPLIT,1.0,none
NC_delhi_1991,NC_newdel_2001,2001,SPLIT,1.0,none
NC_delhi_1991,NC_centra_2001,2001,SPLIT,1.0,none
NC_delhi_1991,NC_west_2001,2001,SPLIT,1.0,none
NC_delhi_1991,NC_southw_2001,2001,SPLIT,1.0,none
NC_delhi_1991,NC_south_2001,2001,SPLIT,1.0,none
NL_dimapu_2001,NL_chumou_2024,2024,SPLIT,1.0,none
NL_dimapu_2001,NL_niulan_2024,2024,SPLIT,1.0,none
NL_kohima_1951,NL_phek_1981,1981,SPLIT,1.0,none
NL_kohima_1951,NL_dimapu_2001,2001,SPLIT,1.0,none
NL_kohima_1951,NL_dimapu_2001,2001,SPLIT,1.0,none
NL_kohima_1951,NL_dimapu_2001,2001,SPLIT,1.0,none
NL_kohima_1951,NL_peren_2011,2011,SPLIT,1.0,none
NL_kohima_1951,NL_tsemin_2024,2024,SPLIT,1.0,none
NL_mokokc_1961,NL_wokha_1981,1981,SPLIT,1.0,none
NL_mokokc_1961,NL_zunheb_1981,1981,SPLIT,1.0,none
NL_kohima_1951,NL_kohima_1951,1961,CONTINUITY,1.0,none
NL_kohima_1951,NL_kohima_1951,1961,CONTINUITY,1.0,none
NL_kohima_1951,NL_kohima_1951,1961,CONTINUITY,1.0,none
NL_kohima_1951,NL_kohima_1951,1961,CONTINUITY,1.0,none
NL_kohima_1951,NL_kohima_1951,1961,CONTINUITY,1.0,none
NL_kohima_1951,NL_kohima_1951,1961,CONTINUITY,1.0,none
NL_kohima_1951,NL_kohima_1951,1961,CONTINUITY,1.0,none
NL_tuensa_1951,NL_mokokc_1961,1961,SPLIT,1.0,none
NL_tuensa_1951,NL_mokokc_1961,1961,SPLIT,1.0,none
NL_tuensa_1951,NL_mokokc_1961,1961,SPLIT,1.0,none
NL_tuensa_1951,NL_mon_1981,1981,SPLIT,1.0,none
NL_tuensa_1951,NL_longle_2011,2011,SPLIT,1.0,none
NL_tuensa_1951,NL_kiphir_2011,2011,SPLIT,1.0,none
NL_tuensa_1951,NL_noklak_2024,2024,SPLIT,1.0,none
MZ_aizawl_1981,MZ_mamit_2001,2001,SPLIT,1.0,none
MZ_aizawl_1981,MZ_kolasi_2001,2001,SPLIT,1.0,none
MZ_aizawl_1981,MZ_champh_2001,2001,SPLIT,1.0,none
MZ_aizawl_1981,MZ_serchh_2001,2001,SPLIT,1.0,none
MZ_aizawl_1981,MZ_champh_2001,2001,SPLIT,1.0,none
MZ_aizawl_1981,MZ_saitua_2024,2024,SPLIT,1.0,none
MZ_champh_2001,MZ_khawza_2024,2024,SPLIT,1.0,none
MZ_chhimt_1981,MZ_lawngt_2001,2001,SPLIT,1.0,none
MZ_chhimt_1981,MZ_saiha_2001,2001,SPLIT,1.0,none
MZ_lungle_1981,MZ_hnathi_2024,2024,SPLIT,1.0,none
MZ_mizora_1951,MZ_mizora_1951,1961,CONTINUITY,1.0,none
MZ_mizora_1951,MZ_mizora_1951,1961,CONTINUITY,1.0,none
MZ_mizora_1951,MZ_mizora_1951,1961,CONTINUITY,1.0,none
MZ_mizora_1951,MZ_mizora_1951,1961,CONTINUITY,1.0,none
MZ_mizora_1951,MZ_mizora_1951,1961,CONTINUITY,1.0,none
MZ_mizora_1951,MZ_mizora_1951,1961,CONTINUITY,1.0,none
MZ_mizora_1951,MZ_mizora_1951,1961,CONTINUITY,1.0,none
MZ_mizora_1951,MZ_mizora_1951,1961,CONTINUITY,1.0,none
MZ_mizora_1951,MZ_mizora_1951,1961,CONTINUITY,1.0,none
MZ_mizora_1951,MZ_mizora_1951,1961,CONTINUITY,1.0,none
MZ_mizora_1951,MZ_mizora_1951,1961,CONTINUITY,1.0,none
MZ_mizora_1951,MZ_mizora_1951,1971,CONTINUITY,1.0,none
MZ_mizora_1951,MZ_mizora_1951,1971,CONTINUITY,1.0,none
MZ_mizora_1951,MZ_mizora_1951,1971,CONTINUITY,1.0,none
MZ_mizora_1951,MZ_mizora_1951,1971,CONTINUITY,1.0,none
MZ_mizora_1951,MZ_mizora_1951,1971,CONTINUITY,1.0,none
MZ_mizora_1951,MZ_mizora_1951,1971,CONTINUITY,1.0,none
MZ_mizora_1951,MZ_mizora_1951,1971,CONTINUITY,1.0,none
MZ_mizora_1951,MZ_mizora_1951,1971,CONTINUITY,1.0,none
MZ_mizora_1951,MZ_mizora_1951,1971,CONTINUITY,1.0,none
MZ_mizora_1951,MZ_mizora_1951,1971,CONTINUITY,1.0,none
MZ_mizora_1951,MZ_mizora_1951,1971,CONTINUITY,1.0,none
MZ_mizora_1951,MZ_aizawl_1981,1981,SPLIT,1.0,none
MZ_mizora_1951,MZ_aizawl_1981,1981,SPLIT,1.0,none
MZ_mizora_1951,MZ_aizawl_1981,1981,SPLIT,1.0,none
MZ_mizora_1951,MZ_aizawl_1981,1981,SPLIT,1.0,none
MZ_mizora_1951,MZ_aizawl_1981,1981,SPLIT,1.0,none
MZ_mizora_1951,MZ_lungle_1981,1981,SPLIT,1.0,none
MZ_mizora_1951,MZ_chhimt_1981,1981,SPLIT,1.0,none
MZ_mizora_1951,MZ_chhimt_1981,1981,SPLIT,1.0,none
MZ_mizora_1951,MZ_aizawl_1981,1981,SPLIT,1.0,none
MZ_mizora_1951,MZ_lungle_1981,1981,SPLIT,1.0,none
MZ_mizora_1951,MZ_aizawl_1981,1981,SPLIT,1.0,none
ML_eastga_1981,ML_northg_2024,2024,SPLIT,1.0,none
ML_eastkh_1981,ML_ribhoi_2001,2001,SPLIT,1.0,none
ML_garohi_1971,ML_westga_1981,1981,SPLIT,1.0,none
ML_garohi_1971,ML_eastga_1981,1981,SPLIT,1.0,none
ML_garohi_1971,ML_westga_1981,1981,SPLIT,1.0,none
ML_garohi_1971,ML_eastga_1981,1981,SPLIT,1.0,none
ML_jainti_1981,ML_westja_2024,2024,SPLIT,1.0,none
ML_jainti_1981,ML_eastja_2024,2024,SPLIT,1.0,none
ML_ekhasi_1971,ML_westkh_1981,1981,SPLIT,1.0,none
ML_ekhasi_1971,ML_eastkh_1981,1981,SPLIT,1.0,none
ML_ekhasi_1971,ML_eastkh_1981,1981,SPLIT,1.0,none
ML_ekhasi_1971,ML_jainti_1981,1981,SPLIT,1.0,none
ML_ekhasi_1971,ML_jainti_1981,1981,SPLIT,1.0,none
ML_ekhasi_1971,ML_jainti_1981,1981,SPLIT,1.0,none
ML_ekhasi_1971,ML_westkh_1981,1981,SPLIT,1.0,none
ML_ekhasi_1971,ML_westkh_1981,1981,SPLIT,1.0,none
ML_westga_1981,ML_southg_2001,2001,SPLIT,1.0,none
ML_westkh_1981,ML_southw_2024,2024,SPLIT,1.0,none
ML_westkh_1981,ML_easter_2024,2024,SPLIT,1.0,none
MN_tengno_1951,MN_tengno_1951,2024,CONTINUITY,1.0,none
MN_churac_1991,MN_pherza_2024,2024,SPLIT,1.0,none
MN_imphal_1991,MN_imphal_1991,2001,CONTINUITY,1.0,none
MN_imphal_1991,MN_imphal_1991,2001,CONTINUITY,1.0,none
MN_imphal_1991,MN_imphal_1991,2001,CONTINUITY,1.0,none
MN_imphal_1991,MN_jiriba_2024,2024,SPLIT,1.0,none
MN_manipu_1951,MN_manipu_1951,1971,CONTINUITY,1.0,none
MN_manipu_1951,MN_manipu_1951,1971,CONTINUITY,1.0,none
MN_manipu_1951,MN_manipu_1951,1971,CONTINUITY,1.0,none
MN_manipu_1951,MN_manipu_1951,1971,CONTINUITY,1.0,none
MN_manipu_1951,MN_manipu_1951,1971,CONTINUITY,1.0,none
MN_manipu_1951,MN_manipu_1951,1971,CONTINUITY,1.0,none
MN_manipu_1951,MN_manipu_1951,1971,CONTINUITY,1.0,none
MN_manipu_1951,MN_manipu_1951,1971,CONTINUITY,1.0,none
MN_manipu_1951,MN_manipu_1951,1971,CONTINUITY,1.0,none
MN_manipu_1951,MN_manipu_1951,1971,CONTINUITY,1.0,none
MN_manipu_1951,MN_manipu_1951,1971,CONTINUITY,1.0,none
MN_manipu_1951,MN_manipu_1951,1971,CONTINUITY,1.0,none
MN_manipu_1951,MN_manipu_1951,1971,CONTINUITY,1.0,none
MN_manipu_1951,MN_manipu_1951,1971,CONTINUITY,1.0,none
MN_manipu_1951,MN_manipu_1951,1971,CONTINUITY,1.0,none
MN_manipu_1951,MN_manipu_1951,1971,CONTINUITY,1.0,none
MN_manipu_1951,MN_tengno_1951,1981,SPLIT,1.0,none
MN_manipu_1951,MN_tengno_1951,1981,SPLIT,1.0,none
MN_manipu_1951,MN_bishnu_1991,1991,SPLIT,1.0,none
MN_manipu_1951,MN_thouba_1991,1991,SPLIT,1.0,none
MN_manipu_1951,MN_imphal_1991,1991,SPLIT,1.0,none
MN_manipu_1951,MN_imphal_1991,1991,SPLIT,1.0,none
MN_manipu_1951,MN_imphal_1991,1991,SPLIT,1.0,none
MN_manipu_1951,MN_thouba_1991,1991,SPLIT,1.0,none
MN_manipu_1951,MN_ukhrul_1991,1991,SPLIT,1.0,none
MN_manipu_1951,MN_ukhrul_1991,1991,SPLIT,1.0,none
MN_manipu_1951,MN_senapa_1991,1991,SPLIT,1.0,none
MN_manipu_1951,MN_senapa_1991,1991,SPLIT,1.0,none
MN_manipu_1951,MN_churac_1991,1991,SPLIT,1.0,none
MN_manipu_1951,MN_churac_1991,1991,SPLIT,1.0,none
MN_manipu_1951,MN_tameng_1991,1991,SPLIT,1.0,none
MN_manipu_1951,MN_tameng_1991,1991,SPLIT,1.0,none
MN_senapa_1991,MN_kangpo_2024,2024,SPLIT,1.0,none
MN_tameng_1991,MN_noney_2024,2024,SPLIT,1.0,none
MN_tengno_1951,MN_tengno_1951,1991,CONTINUITY,1.0,none
MN_tengno_1951,MN_tengno_1951,1991,CONTINUITY,1.0,none
MN_thouba_1991,MN_kakchi_2024,2024,SPLIT,1.0,none
MN_ukhrul_1991,MN_kamjon_2024,2024,SPLIT,1.0,none
MH_ahmedn_1951,MH_ahmedn_1951,1971,CONTINUITY,1.0,none
MH_ahmedn_1951,MH_ahmedn_1951,1961,CONTINUITY,1.0,none
MH_ahmedn_1951,MH_ahmedn_1951,1981,CONTINUITY,1.0,none
MH_akola_1991,MH_washim_2001,2001,SPLIT,1.0,none
MH_aurang_1981,MH_jalna_1991,1991,SPLIT,1.0,none
MH_aurang_1981,MH_sambha_2024,2024,SPLIT,1.0,none
MH_bhanda_1991,MH_gondia_2001,2001,SPLIT,1.0,none
MH_bhir_1971,MH_bid_1981,1981,SPLIT,1.0,none
MH_buldan_1951,MH_buldan_1951,1961,CONTINUITY,1.0,none
MH_buldan_1951,MH_buldan_1951,1981,CONTINUITY,1.0,none
MH_chandr_1961,MH_chandr_1961,1971,CONTINUITY,1.0,none
MH_chandr_1961,MH_chandr_1961,1971,CONTINUITY,1.0,none
MH_chandr_1961,MH_gadchi_1991,1991,SPLIT,1.0,none
MH_dhule_1951,MH_nandur_2001,2001,SPLIT,1.0,none
MH_dhule_1951,MH_dhule_1951,1981,CONTINUITY,1.0,none
MH_dhule_1951,MH_dhule_1951,1981,CONTINUITY,1.0,none
MH_jalgao_1951,MH_jalgao_1951,1961,CONTINUITY,1.0,none
MH_greate_1991,MH_mumbai_1951,2001,SPLIT,1.0,none
MH_greate_1991,MH_mumbai_1951,2001,SPLIT,1.0,none
MH_kolaba_1971,MH_raigar_1981,1981,SPLIT,1.0,none
MH_mumbai_1951,MH_mumbai_1951,2011,CONTINUITY,1.0,none
MH_nasik_1971,MH_nashik_1981,1981,SPLIT,1.0,none
MH_dharas_1981,MH_latur_1991,1991,SPLIT,1.0,none
MH_dharas_1981,MH_dharas_1981,2024,CONTINUITY,1.0,none
MH_parbha_1991,MH_hingol_2001,2001,SPLIT,1.0,none
MH_pune_1951,MH_pune_1951,1981,CONTINUITY,1.0,none
MH_ratnag_1981,MH_sindhu_1991,1991,SPLIT,1.0,none
MH_satara_1951,MH_satara_1951,1961,CONTINUITY,1.0,none
MH_satara_1951,MH_sangli_1961,1961,SPLIT,1.0,none
MH_sholap_1971,MH_solapu_1981,1981,SPLIT,1.0,none
MH_thane_1971,MH_thane_1971,1981,CONTINUITY,1.0,none
MH_thane_1971,MH_thane_1971,1981,CONTINUITY,1.0,none
MH_thane_1971,MH_palgha_2024,2024,SPLIT,1.0,none
MH_dhule_1951,MH_dhule_1951,1961,CONTINUITY,1.0,none
MH_dhule_1951,MH_dhule_1951,1961,CONTINUITY,1.0,none
MH_yavatman_1971,MH_yavatma_1981,1981,SPLIT,1.0,none
MP_bhilsa_1951,MP_vidish_1961,1961,SPLIT,1.0,none
MP_chhind_1951,MP_seoni_1961,1961,SPLIT,1.0,none
MP_khandw_1961,MP_khandw_1961,1971,CONTINUITY,1.0,none
MP_khandw_1961,MP_khandw_1961,1971,CONTINUITY,1.0,none
MP_khandw_1961,MP_khandw_1961,2011,CONTINUITY,1.0,none
MP_khandw_1961,MP_burhan_2011,2011,SPLIT,1.0,none
MP_gird_1951,MP_gwalio_1961,1961,SPLIT,1.0,none
MP_goona_1951,MP_guna_1961,1961,SPLIT,1.0,none
MP_goona_1951,MP_guna_1961,1961,SPLIT,1.0,none
MP_guna_1961,MP_ashokn_2011,2011,SPLIT,1.0,none
MP_narmad_1951,MP_narsin_1961,1961,SPLIT,1.0,none
MP_narmad_1951,MP_harda_2001,2001,SPLIT,1.0,none
MP_narmad_1951,MP_narmad_1951,2024,CONTINUITY,1.0,none
MP_jabalp_1991,MP_katni_2001,2001,SPLIT,1.0,none
MP_jhabua_2001,MP_aliraj_2011,2011,SPLIT,1.0,none
MP_khandw_1961,MP_khandw_1961,1981,CONTINUITY,1.0,none
MP_khandw_1961,MP_khandw_1961,1981,CONTINUITY,1.0,none
MP_khargo_1961,MP_khargo_1961,1981,CONTINUITY,1.0,none
MP_khargo_1961,MP_khargo_1961,1981,CONTINUITY,1.0,none
MP_mandla_1991,MP_dindor_2001,2001,SPLIT,1.0,none
MP_mandsa_1991,MP_neemuc_2001,2001,SPLIT,1.0,none
MP_morena_1991,MP_sheopu_2001,2001,SPLIT,1.0,none
MP_nimar_1951,MP_khargo_1961,1961,SPLIT,1.0,none
MP_nimar_1951,MP_khargo_1961,1961,SPLIT,1.0,none
MP_nimar_1951,MP_khandw_1961,1961,SPLIT,1.0,none
MP_nimar_1951,MP_khandw_1961,1961,SPLIT,1.0,none
MP_sagar_1951,MP_damoh_1961,1961,SPLIT,1.0,none
MP_sehore_1971,MP_bhopal_1981,1981,SPLIT,1.0,none
MP_shahdo_1991,MP_umaria_2001,2001,SPLIT,1.0,none
MP_shahdo_1991,MP_annupu_2011,2011,SPLIT,1.0,none
MP_shajap_2011,MP_agarma_2024,2024,SPLIT,1.0,none
MP_sidhi_2001,MP_singra_2011,2011,SPLIT,1.0,none
MP_tikamg_2011,MP_niwari_2024,2024,SPLIT,1.0,none
MP_khargo_1961,MP_khargo_1961,1971,CONTINUITY,1.0,none
MP_khargo_1961,MP_khargo_1961,1971,CONTINUITY,1.0,none
MP_khargo_1961,MP_barwan_2001,2001,SPLIT,1.0,none
MP_khargo_1961,MP_khargo_1961,2011,CONTINUITY,1.0,none
LD_laksha_1971,LD_laksha_1971,1981,CONTINUITY,1.0,none
KL_alappu_1961,KL_alappu_1961,1991,CONTINUITY,1.0,none
KL_alappu_1961,KL_pathan_1991,1991,SPLIT,1.0,none
KL_kannur_1961,KL_wayana_1981,1981,SPLIT,1.0,none
KL_kannur_1961,KL_kannur_1961,1991,CONTINUITY,1.0,none
KL_kannur_1961,KL_kasarg_1991,1991,SPLIT,1.0,none
KL_ernaku_1961,KL_idukki_1981,1981,SPLIT,1.0,none
KL_idukki_1981,KL_pathan_1991,1991,SPLIT,1.0,none
KL_kottay_1951,KL_ernaku_1961,1961,SPLIT,1.0,none
KL_kottay_1951,KL_alappu_1961,1961,SPLIT,1.0,none
KL_kottay_1951,KL_idukki_1981,1981,SPLIT,1.0,none
KL_kottay_1951,KL_idukki_1981,1981,SPLIT,1.0,none
KL_kozhik_1961,KL_malapp_1951,1971,SPLIT,1.0,none
KL_kozhik_1961,KL_wayana_1981,1981,SPLIT,1.0,none
KL_malapp_1951,KL_kannur_1961,1961,SPLIT,1.0,none
KL_malapp_1951,KL_kannur_1961,1961,SPLIT,1.0,none
KL_malapp_1951,KL_kannur_1961,1961,SPLIT,1.0,none
KL_malapp_1951,KL_kozhik_1961,1961,SPLIT,1.0,none
KL_malapp_1951,KL_kozhik_1961,1961,SPLIT,1.0,none
KL_malapp_1951,KL_kozhik_1961,1961,SPLIT,1.0,none
KL_malapp_1951,KL_palgha_1961,1961,SPLIT,1.0,none
KL_malapp_1951,KL_palgha_1961,1961,SPLIT,1.0,none
KL_palgha_1961,KL_malapp_1951,1971,SPLIT,1.0,none
KL_palgha_1961,KL_palakk_1991,1991,SPLIT,1.0,none
KL_kollam_1951,KL_alappu_1961,1961,SPLIT,1.0,none
KL_kollam_1951,KL_pathan_1991,1991,SPLIT,1.0,none
KL_kollam_1951,KL_kollam_1951,1991,CONTINUITY,1.0,none
KL_thriss_1951,KL_ernaku_1961,1961,SPLIT,1.0,none
KL_thriss_1951,KL_thriss_1951,1991,CONTINUITY,1.0,none
KL_thiruv_1951,KL_thiruv_1951,1991,CONTINUITY,1.0,none
KA_bangal_1981,KA_bangal_1981,1991,CONTINUITY,1.0,none
KA_bangal_1981,KA_bangal_1981,1991,CONTINUITY,1.0,none
KA_bangal_1981,KA_ramana_2011,2011,SPLIT,1.0,none
KA_belgau_2011,KA_belgau_2011,2024,CONTINUITY,1.0,none
KA_bellar_2011,KA_bellar_2011,2024,CONTINUITY,1.0,none
KA_bellar_2011,KA_vijaya_2024,2024,SPLIT,1.0,none
KA_bijapu_1991,KA_bagalk_2001,2001,SPLIT,1.0,none
KA_bijapu_1991,KA_bijapu_1991,2024,CONTINUITY,1.0,none
KA_chikma_2011,KA_chikka_2011,2024,SPLIT,1.0,none
KA_chitra_1951,KA_chitra_1951,1961,CONTINUITY,1.0,none
KA_chitra_1951,KA_chitra_1951,1961,CONTINUITY,1.0,none
KA_chitra_1951,KA_davana_2001,2001,SPLIT,1.0,none
KA_kodagu_1971,KA_kodagu_1971,1981,CONTINUITY,1.0,none
KA_dakshi_1971,KA_dakshi_1971,1991,CONTINUITY,1.0,none
KA_dakshi_1971,KA_dakshi_1971,1991,CONTINUITY,1.0,none
KA_dakshi_1971,KA_udupi_2001,2001,SPLIT,1.0,none
KA_dharwa_1971,KA_gadag_2001,2001,SPLIT,1.0,none
KA_dharwa_1971,KA_haveri_2001,2001,SPLIT,1.0,none
KA_dharwa_1971,KA_dharwa_1971,1981,CONTINUITY,1.0,none
KA_dharwa_1971,KA_dharwa_1971,1981,CONTINUITY,1.0,none
KA_dharwa_1971,KA_dharwa_1971,1981,CONTINUITY,1.0,none
KA_gulbar_2001,KA_yadgir_2011,2011,SPLIT,1.0,none
KA_gulbar_2001,KA_kalabu_2024,2024,SPLIT,1.0,none
KA_uttark_1951,KA_uttark_1951,1961,CONTINUITY,1.0,none
KA_kolar_2001,KA_chikka_2011,2011,SPLIT,1.0,none
KA_mysuru_1991,KA_chamar_2001,2001,SPLIT,1.0,none
KA_mysuru_1991,KA_mysuru_1991,2024,CONTINUITY,1.0,none
KA_uttark_1951,KA_uttark_1951,1981,CONTINUITY,1.0,none
KA_raichu_1991,KA_koppal_2001,2001,SPLIT,1.0,none
KA_ramana_2011,KA_bengal_2024,2024,SPLIT,1.0,none
KA_shivam_2011,KA_shivam_2011,2024,CONTINUITY,1.0,none
KA_dakshi_1971,KA_dakshi_1971,1981,CONTINUITY,1.0,none
KA_dakshi_1971,KA_dakshi_1971,1981,CONTINUITY,1.0,none
KA_tumaku_2011,KA_tumaku_2011,2024,CONTINUITY,1.0,none
KA_uttark_1951,KA_uttark_1951,1991,CONTINUITY,1.0,none
JH_dhanba_1991,JH_bokaro_2001,2001,SPLIT,1.0,none
JH_dumka_1991,JH_jamtar_2011,2011,SPLIT,1.0,none
JH_giridi_1981,JH_bokaro_2001,2001,SPLIT,1.0,none
JH_gumla_1991,JH_simdeg_2011,2011,SPLIT,1.0,none
JH_hazari_1971,JH_chatra_2001,2001,SPLIT,1.0,none
JH_hazari_1971,JH_kodarm_2001,2001,SPLIT,1.0,none
JH_hazari_1971,JH_hazari_1971,2011,CONTINUITY,1.0,none
JH_hazari_1971,JH_ramgar_2011,2011,SPLIT,1.0,none
JH_hazari_1971,JH_hazari_1971,1981,CONTINUITY,1.0,none
JH_hazari_1971,JH_hazari_1971,1981,CONTINUITY,1.0,none
JH_hazari_1971,JH_hazari_1971,1981,CONTINUITY,1.0,none
JH_hazari_1971,JH_hazari_1971,1981,CONTINUITY,1.0,none
JH_hazari_1971,JH_giridi_1981,1981,SPLIT,1.0,none
JH_hazari_1971,JH_giridi_1981,1981,SPLIT,1.0,none
JH_pakaur_2001,JH_pakur_2011,2011,SPLIT,1.0,none
JH_palamu_1971,JH_palamu_1971,1981,CONTINUITY,1.0,none
JH_palamu_1971,JH_palamu_1971,1981,CONTINUITY,1.0,none
JH_palamu_1971,JH_palamu_1971,1981,CONTINUITY,1.0,none
JH_palamu_1971,JH_garhwa_2001,2001,SPLIT,1.0,none
JH_palamu_1971,JH_lateha_2011,2011,SPLIT,1.0,none
JH_psingh_1981,JH_saraik_2011,2011,SPLIT,1.0,none
JH_ranchi_1981,JH_lohard_1991,1991,SPLIT,1.0,none
JH_ranchi_1981,JH_gumla_1991,1991,SPLIT,1.0,none
JH_ranchi_1981,JH_gumla_1991,1991,SPLIT,1.0,none
JH_ranchi_1981,JH_khunti_2011,2011,SPLIT,1.0,none
JH_sahibg_1991,JH_pakaur_2001,2001,SPLIT,1.0,none
JH_santha_1971,JH_santha_1971,1981,CONTINUITY,1.0,none
JH_santha_1971,JH_santha_1971,1981,CONTINUITY,1.0,none
JH_santha_1971,JH_santha_1971,1981,CONTINUITY,1.0,none
JH_santha_1971,JH_santha_1971,1981,CONTINUITY,1.0,none
JH_santha_1971,JH_santha_1971,1981,CONTINUITY,1.0,none
JH_santha_1971,JH_santha_1971,1981,CONTINUITY,1.0,none
JH_santha_1971,JH_deogha_1991,1991,SPLIT,1.0,none
JH_santha_1971,JH_godda_1991,1991,SPLIT,1.0,none
JH_santha_1971,JH_sahibg_1991,1991,SPLIT,1.0,none
JH_santha_1971,JH_sahibg_1991,1991,SPLIT,1.0,none
JH_santha_1971,JH_dumka_1991,1991,SPLIT,1.0,none
JH_santha_1971,JH_dumka_1991,1991,SPLIT,1.0,none
JH_psingh_1981,JH_psingh_1981,1991,CONTINUITY,1.0,none
JH_psingh_1981,JH_psingh_1981,1991,CONTINUITY,1.0,none
JH_psingh_1981,JH_purbis_1991,1991,SPLIT,1.0,none
JK_anantn_1961,JK_kulgam_2011,2011,SPLIT,1.0,none
JK_baramu_1961,JK_kupwar_1981,1981,SPLIT,1.0,none
JK_baramu_1961,JK_bandip_2011,2011,SPLIT,1.0,none
JK_baramu_1961,JK_gander_2011,2011,SPLIT,1.0,none
JK_baramu_1961,JK_baramu_1961,1971,CONTINUITY,1.0,none
JK_baramu_1961,JK_baramu_1961,1971,CONTINUITY,1.0,none
JK_baramu_1961,JK_baramu_1961,1971,CONTINUITY,1.0,none
JK_baramu_1961,JK_baramu_1961,1971,CONTINUITY,1.0,none
JK_doda_1961,JK_ramban_2011,2011,SPLIT,1.0,none
JK_doda_1961,JK_kishtw_2011,2011,SPLIT,1.0,none
JK_jammu_1961,JK_samba_2011,2011,SPLIT,1.0,none
JK_jammua_1951,JK_baramu_1961,1961,SPLIT,1.0,none
JK_jammua_1951,JK_srinag_1961,1961,SPLIT,1.0,none
JK_jammua_1951,JK_ladakh_1961,1961,SPLIT,1.0,none
JK_jammua_1951,JK_ladakh_1961,1961,SPLIT,1.0,none
JK_jammua_1951,JK_poonch_1961,1961,SPLIT,1.0,none
JK_jammua_1951,JK_poonch_1961,1961,SPLIT,1.0,none
JK_jammua_1951,JK_kathua_1961,1961,SPLIT,1.0,none
JK_jammua_1951,JK_baramu_1961,1961,SPLIT,1.0,none
JK_jammua_1951,JK_baramu_1961,1961,SPLIT,1.0,none
JK_jammua_1951,JK_srinag_1961,1961,SPLIT,1.0,none
JK_jammua_1951,JK_baramu_1961,1961,SPLIT,1.0,none
JK_jammua_1951,JK_srinag_1961,1961,SPLIT,1.0,none
JK_jammua_1951,JK_srinag_1961,1961,SPLIT,1.0,none
JK_jammua_1951,JK_anantn_1961,1961,SPLIT,1.0,none
JK_jammua_1951,JK_anantn_1961,1961,SPLIT,1.0,none
JK_jammua_1951,JK_srinag_1961,1961,SPLIT,1.0,none
JK_jammua_1951,JK_doda_1961,1961,SPLIT,1.0,none
JK_jammua_1951,JK_doda_1961,1961,SPLIT,1.0,none
JK_jammua_1951,JK_doda_1961,1961,SPLIT,1.0,none
JK_jammua_1951,JK_udhamp_1961,1961,SPLIT,1.0,none
JK_jammua_1951,JK_udhamp_1961,1961,SPLIT,1.0,none
JK_jammua_1951,JK_jammu_1961,1961,SPLIT,1.0,none
JK_jammua_1951,JK_jammu_1961,1961,SPLIT,1.0,none
JK_ladakh_1961,JK_kargil_1981,1981,SPLIT,1.0,none
JK_ladakh_1961,JK_lehlad_2001,2001,SPLIT,1.0,none
JK_poonch_1961,JK_punch_1971,1971,SPLIT,1.0,none
JK_poonch_1961,JK_rajaur_1971,1971,SPLIT,1.0,none
JK_pulwam_1981,JK_shupiy_2011,2011,SPLIT,1.0,none
JK_pulwam_1981,JK_kulgam_2011,2011,SPLIT,1.0,none
JK_rajaur_1971,JK_rajour_2011,2011,SPLIT,1.0,none
JK_srinag_1961,JK_badgam_1981,1981,SPLIT,1.0,none
JK_srinag_1961,JK_pulwam_1981,1981,SPLIT,1.0,none
JK_srinag_1961,JK_pulwam_1981,1981,SPLIT,1.0,none
JK_srinag_1961,JK_pulwam_1981,1981,SPLIT,1.0,none
JK_udhamp_1961,JK_reasi_2011,2011,SPLIT,1.0,none
HP_kangra_1951,HP_lahaul_1961,1961,SPLIT,1.0,none
HP_kangra_1951,HP_kulu_1971,1971,SPLIT,1.0,none
HP_kangra_1951,HP_hamirp_1981,1981,SPLIT,1.0,none
HP_kangra_1951,HP_una_1981,1981,SPLIT,1.0,none
HP_kohist_1951,HP_shimla_1961,1961,SPLIT,1.0,none
HP_kulu_1971,HP_kullu_1981,1981,SPLIT,1.0,none
HP_lahaul_1961,HP_lahula_1971,1971,SPLIT,1.0,none
HP_lahula_1971,HP_lahuls_2011,2011,SPLIT,1.0,none
HP_mahasu_1951,HP_kinnau_1961,1961,SPLIT,1.0,none
HP_mahasu_1951,HP_solan_1981,1981,SPLIT,1.0,none
HP_mahasu_1951,HP_shimla_1961,1981,SPLIT,1.0,none
HP_mahasu_1951,HP_shimla_1961,1981,SPLIT,1.0,none
HP_shimla_1961,HP_solan_1981,1981,SPLIT,1.0,none
HP_sirmur_1951,HP_sirmur_1951,1961,CONTINUITY,1.0,none
HP_sirmur_1951,HP_sirmur_1951,1971,CONTINUITY,1.0,none
HR_ambala_1951,HR_yamuna_1991,1991,SPLIT,1.0,none
HR_ambala_1951,HR_panchk_2001,2001,SPLIT,1.0,none
HR_bhiwan_1981,HR_charkh_2024,2024,SPLIT,1.0,none
HR_farida_1981,HR_palwal_2011,2011,SPLIT,1.0,none
HR_guruga_1951,HR_mahend_1951,1981,SPLIT,1.0,none
HR_guruga_1951,HR_farida_1981,1981,SPLIT,1.0,none
HR_guruga_1951,HR_farida_1981,1981,SPLIT,1.0,none
HR_guruga_1951,HR_nuh_2011,2011,SPLIT,1.0,none
HR_guruga_1951,HR_guruga_1951,2024,CONTINUITY,1.0,none
HR_hisar_1951,HR_sirsa_1981,1981,SPLIT,1.0,none
HR_hisar_1951,HR_bhiwan_1981,1981,SPLIT,1.0,none
HR_hisar_1951,HR_bhiwan_1981,1981,SPLIT,1.0,none
HR_hisar_1951,HR_fateha_2001,2001,SPLIT,1.0,none
HR_hisar_1951,HR_hisar_1951,1971,CONTINUITY,1.0,none
HR_hisar_1951,HR_hisar_1951,1971,CONTINUITY,1.0,none
HR_hisar_1951,HR_hisar_1951,1971,CONTINUITY,1.0,none
HR_hisar_1951,HR_hisar_1951,1971,CONTINUITY,1.0,none
HR_hisar_1951,HR_hisar_1951,1971,CONTINUITY,1.0,none
HR_karnal_1951,HR_kuruks_1981,1981,SPLIT,1.0,none
HR_karnal_1951,HR_kuruks_1981,1981,SPLIT,1.0,none
HR_karnal_1951,HR_panipa_1991,1991,SPLIT,1.0,none
HR_kuruks_1981,HR_kaitha_1991,1991,SPLIT,1.0,none
HR_mahend_1951,HR_rewari_1991,1991,SPLIT,1.0,none
HR_nuh_2011,HR_nuh_2011,2024,CONTINUITY,1.0,none
HR_mahend_1951,HR_mahend_1951,1961,CONTINUITY,1.0,none
HR_mahend_1951,HR_mahend_1951,1961,CONTINUITY,1.0,none
HR_rohtak_1951,HR_karnal_1951,1981,SPLIT,1.0,none
HR_rohtak_1951,HR_sonipa_1981,1981,SPLIT,1.0,none
HR_rohtak_1951,HR_jhajja_2001,2001,SPLIT,1.0,none
HR_sangru_1961,HR_jind_1971,1971,SPLIT,1.0,none
GJ_ahmeda_1961,GJ_botad_2024,2024,SPLIT,1.0,none
GJ_ahmeda_1961,GJ_ahmeda_1961,1971,CONTINUITY,1.0,none
GJ_ahmeda_1961,GJ_gandhi_1971,1971,SPLIT,1.0,none
GJ_ahmeda_1961,GJ_ahmeda_1961,1971,CONTINUITY,1.0,none
GJ_banask_1961,GJ_banask_1961,1971,CONTINUITY,1.0,none
GJ_baroda_1961,GJ_vadoda_1971,1971,SPLIT,1.0,none
GJ_baroda_1961,GJ_vadoda_1971,1971,SPLIT,1.0,none
GJ_bharuc_1961,GJ_narmad_2001,2001,SPLIT,1.0,none
GJ_bhavna_1951,GJ_botad_2024,2024,SPLIT,1.0,none
GJ_bharuc_1961,GJ_bharuc_1961,1971,CONTINUITY,1.0,none
GJ_bharuc_1961,GJ_bharuc_1961,1971,CONTINUITY,1.0,none
GJ_centra_1951,GJ_rajkot_1961,1961,SPLIT,1.0,none
GJ_centra_1951,GJ_rajkot_1961,1961,SPLIT,1.0,none
GJ_dangs_1961,GJ_thedan_1971,1971,SPLIT,1.0,none
GJ_bhavna_1951,GJ_bhavna_1951,1961,CONTINUITY,1.0,none
GJ_bhavna_1951,GJ_bhavna_1951,1961,CONTINUITY,1.0,none
GJ_jamnag_1951,GJ_jamnag_1951,1961,CONTINUITY,1.0,none
GJ_jamnag_1951,GJ_jamnag_1951,1961,CONTINUITY,1.0,none
GJ_jamnag_1951,GJ_jamnag_1951,1961,CONTINUITY,1.0,none
GJ_jamnag_1951,GJ_devbhu_2024,2024,SPLIT,1.0,none
GJ_jamnag_1951,GJ_morbi_2024,2024,SPLIT,1.0,none
GJ_junaga_1951,GJ_porban_2001,2001,SPLIT,1.0,none
GJ_junaga_1951,GJ_girsom_2024,2024,SPLIT,1.0,none
GJ_kheda_1961,GJ_kheda_1961,1971,CONTINUITY,1.0,none
GJ_kheda_1961,GJ_kheda_1961,1971,CONTINUITY,1.0,none
GJ_kheda_1961,GJ_kheda_1961,1971,CONTINUITY,1.0,none
GJ_kheda_1961,GJ_anand_2001,2001,SPLIT,1.0,none
GJ_kheda_1961,GJ_mahisa_2024,2024,SPLIT,1.0,none
GJ_kutch_1971,GJ_kachch_1981,1981,SPLIT,1.0,none
GJ_mahesa_1961,GJ_patan_2001,2001,SPLIT,1.0,none
GJ_mahesa_1961,GJ_gandhi_1971,1971,SPLIT,1.0,none
GJ_mahesa_1961,GJ_mahesa_1961,1971,CONTINUITY,1.0,none
GJ_mahesa_1961,GJ_mahesa_1961,1971,CONTINUITY,1.0,none
GJ_panchm_1951,GJ_panchm_1951,1961,CONTINUITY,1.0,none
GJ_panchm_1951,GJ_panchm_1951,1961,CONTINUITY,1.0,none
GJ_panchm_1951,GJ_panchm_1951,1961,CONTINUITY,1.0,none
GJ_panchm_1951,GJ_dohad_2001,2001,SPLIT,1.0,none
GJ_panchm_1951,GJ_mahisa_2024,2024,SPLIT,1.0,none
GJ_panchm_1951,GJ_panchm_1951,1971,CONTINUITY,1.0,none
GJ_panchm_1951,GJ_panchm_1951,1971,CONTINUITY,1.0,none
GJ_panchm_1951,GJ_panchm_1951,1971,CONTINUITY,1.0,none
GJ_rajkot_1961,GJ_morbi_2024,2024,SPLIT,1.0,none
GJ_sabark_1961,GJ_araval_2024,2024,SPLIT,1.0,none
GJ_sabark_1961,GJ_sabark_1961,1971,CONTINUITY,1.0,none
GJ_sabark_1961,GJ_sabark_1961,1971,CONTINUITY,1.0,none
GJ_junaga_1951,GJ_junaga_1951,1961,CONTINUITY,1.0,none
GJ_junaga_1951,GJ_junaga_1951,1961,CONTINUITY,1.0,none
GJ_junaga_1951,GJ_junaga_1951,1961,CONTINUITY,1.0,none
GJ_surat_1961,GJ_valsad_1971,1971,SPLIT,1.0,none
GJ_surat_1961,GJ_valsad_1971,1971,SPLIT,1.0,none
GJ_surat_1961,GJ_tapi_2011,2011,SPLIT,1.0,none
GJ_surend_1961,GJ_morbi_2024,2024,SPLIT,1.0,none
GJ_vadoda_1971,GJ_chhota_2024,2024,SPLIT,1.0,none
GJ_valsad_1971,GJ_navsar_2001,2001,SPLIT,1.0,none
GJ_zalawa_1951,GJ_surend_1961,1961,SPLIT,1.0,none
GJ_zalawa_1951,GJ_surend_1961,1961,SPLIT,1.0,none
GA_goa_1981,GA_northg_1991,1991,SPLIT,1.0,none
GA_goa_1981,GA_southg_1991,1991,SPLIT,1.0,none
DL_delhi_1991,DL_northw_2001,2001,SPLIT,1.0,none
DL_delhi_1991,DL_south_2001,2001,SPLIT,1.0,none
DL_delhi_1991,DL_northe_2001,2001,SPLIT,1.0,none
DL_delhi_1991,DL_east_2001,2001,SPLIT,1.0,none
DL_delhi_1991,DL_southw_2001,2001,SPLIT,1.0,none
DL_east_2001,DL_shahda_2024,2024,SPLIT,1.0,none
DL_northe_2001,DL_shahda_2024,2024,SPLIT,1.0,none
DL_northw_2001,DL_north_2024,2024,SPLIT,1.0,none
DL_south_2001,DL_southe_2024,2024,SPLIT,1.0,none
DL_southw_2001,DL_newdel_2024,2024,SPLIT,1.0,none
DA_dadra_2001,DA_dadra_2001,2011,CONTINUITY,1.0,none
CG_bastar_1991,CG_kanker_2001,2001,SPLIT,1.0,none
CG_bastar_1991,CG_dantew_2001,2001,SPLIT,1.0,none
CG_bastar_1991,CG_dantew_2001,2001,SPLIT,1.0,none
CG_bastar_1991,CG_dantew_2001,2001,SPLIT,1.0,none
CG_bastar_1991,CG_naraya_2011,2011,SPLIT,1.0,none
CG_bastar_1991,CG_kondag_2024,2024,SPLIT,1.0,none
CG_bilasp_1991,CG_korba_2001,2001,SPLIT,1.0,none
CG_bilasp_1991,CG_janjgi_2001,2001,SPLIT,1.0,none
CG_bilasp_1991,CG_mungel_2024,2024,SPLIT,1.0,none
CG_bilasp_1991,CG_gaurel_2024,2024,SPLIT,1.0,none
CG_dakshi_2011,CG_sukma_2024,2024,SPLIT,1.0,none
CG_dantew_2001,CG_dakshi_2011,2011,SPLIT,1.0,none
CG_dantew_2001,CG_bijapu_2011,2011,SPLIT,1.0,none
CG_dantew_2001,CG_dakshi_2011,2011,SPLIT,1.0,none
CG_durg_1971,CG_rajnan_1981,1981,SPLIT,1.0,none
CG_durg_1971,CG_rajnan_1981,1981,SPLIT,1.0,none
CG_durg_1971,CG_balod_2024,2024,SPLIT,1.0,none
CG_durg_1971,CG_bemeta_2024,2024,SPLIT,1.0,none
CG_kanker_2001,CG_uttarb_2011,2011,SPLIT,1.0,none
CG_kaward_2001,CG_kabeer_2011,2011,SPLIT,1.0,none
CG_raigar_1991,CG_jashpu_2001,2001,SPLIT,1.0,none
CG_raipur_1991,CG_mahasa_2001,2001,SPLIT,1.0,none
CG_raipur_1991,CG_dhamta_2001,2001,SPLIT,1.0,none
CG_raipur_1991,CG_baloda_2024,2024,SPLIT,1.0,none
CG_raipur_1991,CG_gariya_2024,2024,SPLIT,1.0,none
CG_rajnan_1981,CG_kaward_2001,2001,SPLIT,1.0,none
CG_rajnan_1981,CG_rajnan_1981,2001,CONTINUITY,1.0,none
CG_surguj_1991,CG_koriya_2001,2001,SPLIT,1.0,none
CG_surguj_1991,CG_balram_2024,2024,SPLIT,1.0,none
CG_surguj_1991,CG_surajp_2024,2024,SPLIT,1.0,none
CH_ambala_1961,CH_chandi_1971,1971,SPLIT,1.0,none
BR_bhagal_1991,BR_banka_2001,2001,SPLIT,1.0,none
BR_bhojpu_1981,BR_buxar_2001,2001,SPLIT,1.0,none
BR_champa_1971,BR_pashch_1981,1981,SPLIT,1.0,none
BR_champa_1971,BR_purbac_1981,1981,SPLIT,1.0,none
BR_darbha_1971,BR_madhub_1981,1981,SPLIT,1.0,none
BR_darbha_1971,BR_samast_1981,1981,SPLIT,1.0,none
BR_gaya_1971,BR_aurang_1981,1981,SPLIT,1.0,none
BR_gaya_1971,BR_nawada_1981,1981,SPLIT,1.0,none
BR_gaya_1971,BR_jehana_1991,1991,SPLIT,1.0,none
BR_gaya_1971,BR_jehana_1991,1991,SPLIT,1.0,none
BR_jehana_1991,BR_arwal_2011,2011,SPLIT,1.0,none
BR_monghy_1971,BR_begusa_1981,1981,SPLIT,1.0,none
BR_monghy_1971,BR_munger_1981,1981,SPLIT,1.0,none
BR_monghy_1971,BR_munger_1981,1981,SPLIT,1.0,none
BR_monghy_1971,BR_munger_1981,1981,SPLIT,1.0,none
BR_monghy_1971,BR_munger_1981,1981,SPLIT,1.0,none
BR_monghy_1971,BR_munger_1981,1981,SPLIT,1.0,none
BR_munger_1981,BR_khagar_1991,1991,SPLIT,1.0,none
BR_munger_1981,BR_lakhis_2001,2001,SPLIT,1.0,none
BR_munger_1981,BR_sheikh_2001,2001,SPLIT,1.0,none
BR_munger_1981,BR_jamui_2001,2001,SPLIT,1.0,none
BR_muzaff_1971,BR_sitama_1981,1981,SPLIT,1.0,none
BR_muzaff_1971,BR_sitama_1981,1981,SPLIT,1.0,none
BR_muzaff_1971,BR_vaisha_1981,1981,SPLIT,1.0,none
BR_nawada_1981,BR_nawada_1981,1991,CONTINUITY,1.0,none
BR_nawada_1981,BR_nawada_1981,2001,CONTINUITY,1.0,none
BR_patna_1971,BR_naland_1981,1981,SPLIT,1.0,none
BR_purnea_1971,BR_purnia_1981,1981,SPLIT,1.0,none
BR_purnea_1971,BR_purnia_1981,1981,SPLIT,1.0,none
BR_purnea_1971,BR_purnia_1981,1981,SPLIT,1.0,none
BR_purnea_1971,BR_katiha_1981,1981,SPLIT,1.0,none
BR_purnia_1981,BR_araria_1991,1991,SPLIT,1.0,none
BR_purnia_1981,BR_kishan_1991,1991,SPLIT,1.0,none
BR_rohtas_1981,BR_kaimur_2001,2001,SPLIT,1.0,none
BR_sahars_1981,BR_madhep_1991,1991,SPLIT,1.0,none
BR_sahars_1981,BR_supaul_2001,2001,SPLIT,1.0,none
BR_saran_1971,BR_gopalg_1981,1981,SPLIT,1.0,none
BR_saran_1971,BR_siwan_1981,1981,SPLIT,1.0,none
BR_shahab_1971,BR_bhojpu_1981,1981,SPLIT,1.0,none
BR_shahab_1971,BR_bhojpu_1981,1981,SPLIT,1.0,none
BR_shahab_1971,BR_rohtas_1981,1981,SPLIT,1.0,none
BR_shahab_1971,BR_rohtas_1981,1981,SPLIT,1.0,none
BR_sitama_1981,BR_sheoha_2001,2001,SPLIT,1.0,none
AS_baksa_2011,AS_tamulp_2024,2024,SPLIT,1.0,none
AS_barpet_1991,AS_baksa_2011,2011,SPLIT,1.0,none
AS_barpet_1991,AS_bajali_2024,2024,SPLIT,1.0,none
AS_bongai_1991,AS_chiran_2011,2011,SPLIT,1.0,none
AS_cachar_1981,AS_karimg_1991,1991,SPLIT,1.0,none
AS_cachar_1981,AS_hailak_1991,1991,SPLIT,1.0,none
AS_darran_1981,AS_sonitp_1991,1991,SPLIT,1.0,none
AS_darran_1981,AS_sonitp_1991,1991,SPLIT,1.0,none
AS_darran_1981,AS_baksa_2011,2011,SPLIT,1.0,none
AS_darran_1981,AS_udalgu_2011,2011,SPLIT,1.0,none
AS_darran_1981,AS_baksa_2011,2011,SPLIT,1.0,none
AS_dhubri_2011,AS_souths_2024,2024,SPLIT,1.0,none
AS_dhubur_1991,AS_dhubri_2011,2011,SPLIT,1.0,none
AS_dhubur_1991,AS_dhubri_2011,2011,SPLIT,1.0,none
AS_dibrug_1981,AS_tinsuk_1991,1991,SPLIT,1.0,none
AS_goalpa_1981,AS_kokraj_1991,1991,SPLIT,1.0,none
AS_goalpa_1981,AS_kokraj_1991,1991,SPLIT,1.0,none
AS_goalpa_1981,AS_dhubur_1991,1991,SPLIT,1.0,none
AS_goalpa_1981,AS_bongai_1991,1991,SPLIT,1.0,none
AS_goalpa_1981,AS_bongai_1991,1991,SPLIT,1.0,none
AS_goalpa_1981,AS_dhubur_1991,1991,SPLIT,1.0,none
AS_jorhat_1991,AS_majuli_2024,2024,SPLIT,1.0,none
AS_kamrup_1981,AS_barpet_1991,1991,SPLIT,1.0,none
AS_kamrup_1981,AS_nalbar_1991,1991,SPLIT,1.0,none
AS_kamrup_1981,AS_barpet_1991,1991,SPLIT,1.0,none
AS_kamrup_1981,AS_nalbar_1991,1991,SPLIT,1.0,none
AS_kamrup_1981,AS_barpet_1991,1991,SPLIT,1.0,none
AS_kamrup_1981,AS_kamrup_1981,2011,CONTINUITY,1.0,none
AS_kamrup_1981,AS_baksa_2011,2011,SPLIT,1.0,none
AS_karbia_1981,AS_westka_2024,2024,SPLIT,1.0,none
AS_kokraj_1991,AS_chiran_2011,2011,SPLIT,1.0,none
AS_lakhim_1971,AS_dibrug_1981,1981,SPLIT,1.0,none
AS_lakhim_1971,AS_dibrug_1981,1981,SPLIT,1.0,none
AS_lakhim_1971,AS_dhemaj_1991,1991,SPLIT,1.0,none
AS_mariga_1991,AS_moriga_2011,2011,SPLIT,1.0,none
AS_mikirh_1971,AS_karbia_1981,1981,SPLIT,1.0,none
AS_mikirh_1971,AS_karbia_1981,1981,SPLIT,1.0,none
AS_nagaon_1981,AS_mariga_1991,1991,SPLIT,1.0,none
AS_nagaon_1981,AS_hojai_2024,2024,SPLIT,1.0,none
AS_nalbar_1991,AS_baksa_2011,2011,SPLIT,1.0,none
AS_northc_1971,AS_dimaha_2011,2011,SPLIT,1.0,none
AS_nowgon_1971,AS_nagaon_1981,1981,SPLIT,1.0,none
AS_nowgon_1971,AS_nagaon_1981,1981,SPLIT,1.0,none
AS_nowgon_1971,AS_nagaon_1981,1981,SPLIT,1.0,none
AS_sivasa_1981,AS_jorhat_1991,1991,SPLIT,1.0,none
AS_sivasa_1981,AS_golagh_1991,1991,SPLIT,1.0,none
AS_sivasa_1981,AS_jorhat_1991,1991,SPLIT,1.0,none
AS_sivasa_1981,AS_sivasa_1981,2011,CONTINUITY,1.0,none
AS_sivasa_1981,AS_sivasa_1981,2011,CONTINUITY,1.0,none
AS_sivasa_1981,AS_charai_2024,2024,SPLIT,1.0,none
AS_sonitp_1991,AS_biswan_2024,2024,SPLIT,1.0,none
AS_united_1961,AS_mikirh_1971,1971,SPLIT,1.0,none
AS_united_1961,AS_northc_1971,1971,SPLIT,1.0,none
AS_united_1961,AS_mikirh_1971,1971,SPLIT,1.0,none
AR_aborhi_1951,AR_siangf_1961,1961,SPLIT,1.0,none
AR_aborhi_1951,AR_siangf_1961,1961,SPLIT,1.0,none
AR_aborhi_1951,AR_siangf_1961,1961,SPLIT,1.0,none
AR_aborhi_1951,AR_siangf_1961,1961,SPLIT,1.0,none
AR_aborhi_1951,AR_siangf_1961,1961,SPLIT,1.0,none
AR_aborhi_1951,AR_siangf_1961,1961,SPLIT,1.0,none
AR_aborhi_1951,AR_siangf_1961,1961,SPLIT,1.0,none
AR_aborhi_1951,AR_siangf_1961,1961,SPLIT,1.0,none
AR_aborhi_1951,AR_siangf_1961,1961,SPLIT,1.0,none
AR_aborhi_1951,AR_siangf_1961,1961,SPLIT,1.0,none
AR_aborhi_1951,AR_siangf_1961,1961,SPLIT,1.0,none
AR_balipa_1951,AR_kameng_1961,1961,SPLIT,1.0,none
AR_balipa_1951,AR_kameng_1961,1961,SPLIT,1.0,none
AR_balipa_1951,AR_kameng_1961,1961,SPLIT,1.0,none
AR_balipa_1951,AR_kameng_1961,1961,SPLIT,1.0,none
AR_balipa_1951,AR_subans_1961,1961,SPLIT,1.0,none
AR_balipa_1951,AR_subans_1961,1961,SPLIT,1.0,none
AR_balipa_1951,AR_subans_1961,1961,SPLIT,1.0,none
AR_balipa_1951,AR_subans_1961,1961,SPLIT,1.0,none
AR_balipa_1951,AR_subans_1961,1961,SPLIT,1.0,none
AR_balipa_1951,AR_subans_1961,1961,SPLIT,1.0,none
AR_balipa_1951,AR_subans_1961,1961,SPLIT,1.0,none
AR_dibang_1981,AR_lowerd_2011,2011,SPLIT,1.0,none
AR_eastka_1981,AR_pakkek_2024,2024,SPLIT,1.0,none
AR_eastsi_1981,AR_uppers_1981,2001,SPLIT,1.0,none
AR_eastsi_1981,AR_siang_1971,2024,SPLIT,1.0,none
AR_eastsi_1981,AR_lowers_1981,2024,SPLIT,1.0,none
AR_eastsi_1981,AR_lepara_2024,2024,SPLIT,1.0,none
AR_kameng_1961,AR_westka_1981,1981,SPLIT,1.0,none
AR_kameng_1961,AR_westka_1981,1981,SPLIT,1.0,none
AR_kameng_1961,AR_eastka_1981,1981,SPLIT,1.0,none
AR_kameng_1961,AR_eastka_1981,1981,SPLIT,1.0,none
AR_kameng_1961,AR_kameng_1961,1971,CONTINUITY,1.0,none
AR_kameng_1961,AR_kameng_1961,1971,CONTINUITY,1.0,none
AR_kameng_1961,AR_kameng_1961,1971,CONTINUITY,1.0,none
AR_kameng_1961,AR_kameng_1961,1971,CONTINUITY,1.0,none
AR_kurung_2011,AR_kradaa_2024,2024,SPLIT,1.0,none
AR_lohit_1971,AR_anjaw_2011,2011,SPLIT,1.0,none
AR_lohit_1971,AR_namsai_2024,2024,SPLIT,1.0,none
AR_lohitf_1961,AR_lohit_1971,1971,SPLIT,1.0,none
AR_lohitf_1961,AR_lohit_1971,1971,SPLIT,1.0,none
AR_lohitf_1961,AR_lohit_1971,1971,SPLIT,1.0,none
AR_lowers_1981,AR_papump_2001,2001,SPLIT,1.0,none
AR_lowers_1981,AR_kurung_2011,2011,SPLIT,1.0,none
AR_lowers_1981,AR_kurung_2011,2011,SPLIT,1.0,none
AR_lowers_1981,AR_kamle_2024,2024,SPLIT,1.0,none
AR_mishmi_1951,AR_lohitf_1961,1961,SPLIT,1.0,none
AR_mishmi_1951,AR_lohitf_1961,1961,SPLIT,1.0,none
AR_mishmi_1951,AR_lohitf_1961,1961,SPLIT,1.0,none
AR_siang_1971,AR_westsi_1981,1981,SPLIT,1.0,none
AR_siang_1971,AR_westsi_1981,1981,SPLIT,1.0,none
AR_siang_1971,AR_westsi_1981,1981,SPLIT,1.0,none
AR_siang_1971,AR_westsi_1981,1981,SPLIT,1.0,none
AR_siang_1971,AR_westsi_1981,1981,SPLIT,1.0,none
AR_siang_1971,AR_westsi_1981,1981,SPLIT,1.0,none
AR_siang_1971,AR_eastsi_1981,1981,SPLIT,1.0,none
AR_siang_1971,AR_eastsi_1981,1981,SPLIT,1.0,none
AR_siang_1971,AR_eastsi_1981,1981,SPLIT,1.0,none
AR_siang_1971,AR_eastsi_1981,1981,SPLIT,1.0,none
AR_siang_1971,AR_eastsi_1981,1981,SPLIT,1.0,none
AR_siangf_1961,AR_siang_1971,1971,SPLIT,1.0,none
AR_siangf_1961,AR_siang_1971,1971,SPLIT,1.0,none
AR_siangf_1961,AR_siang_1971,1971,SPLIT,1.0,none
AR_siangf_1961,AR_siang_1971,1971,SPLIT,1.0,none
AR_siangf_1961,AR_siang_1971,1971,SPLIT,1.0,none
AR_siangf_1961,AR_siang_1971,1971,SPLIT,1.0,none
AR_siangf_1961,AR_siang_1971,1971,SPLIT,1.0,none
AR_siangf_1961,AR_siang_1971,1971,SPLIT,1.0,none
AR_siangf_1961,AR_siang_1971,1971,SPLIT,1.0,none
AR_siangf_1961,AR_siang_1971,1971,SPLIT,1.0,none
AR_siangf_1961,AR_siang_1971,1971,SPLIT,1.0,none
AR_subans_1961,AR_lowers_1981,1981,SPLIT,1.0,none
AR_subans_1961,AR_uppers_1981,1981,SPLIT,1.0,none
AR_subans_1961,AR_uppers_1981,1981,SPLIT,1.0,none
AR_subans_1961,AR_lowers_1981,1981,SPLIT,1.0,none
AR_subans_1961,AR_lowers_1981,1981,SPLIT,1.0,none
AR_subans_1961,AR_lowers_1981,1981,SPLIT,1.0,none
AR_subans_1961,AR_lowers_1981,1981,SPLIT,1.0,none
AR_subans_1961,AR_subans_1961,1971,CONTINUITY,1.0,none
AR_subans_1961,AR_subans_1961,1971,CONTINUITY,1.0,none
AR_subans_1961,AR_subans_1961,1971,CONTINUITY,1.0,none
AR_subans_1961,AR_subans_1961,1971,CONTINUITY,1.0,none
AR_subans_1961,AR_subans_1961,1971,CONTINUITY,1.0,none
AR_subans_1961,AR_subans_1961,1971,CONTINUITY,1.0,none
AR_subans_1961,AR_subans_1961,1971,CONTINUITY,1.0,none
AR_tirap_1971,AR_dibang_1981,1981,SPLIT,1.0,none
AR_tirap_1971,AR_dibang_1981,1981,SPLIT,1.0,none
AR_tirap_1971,AR_changl_1991,1991,SPLIT,1.0,none
AR_tirap_1971,AR_longdi_2024,2024,SPLIT,1.0,none
AR_tirapf_1951,AR_tirap_1971,1971,SPLIT,1.0,none
AR_tirapf_1951,AR_tirap_1971,1971,SPLIT,1.0,none
AR_tirapf_1951,AR_tirap_1971,1971,SPLIT,1.0,none
AR_tirapf_1951,AR_tirap_1971,1971,SPLIT,1.0,none
AR_tirapf_1951,AR_tirap_1971,1971,SPLIT,1.0,none
AR_tirapf_1951,AR_tirapf_1951,1961,CONTINUITY,1.0,none
AR_tirapf_1951,AR_tirapf_1951,1961,CONTINUITY,1.0,none
AR_tirapf_1951,AR_tirapf_1951,1961,CONTINUITY,1.0,none
AR_tirapf_1951,AR_tirapf_1951,1961,CONTINUITY,1.0,none
AR_tirapf_1951,AR_tirapf_1951,1961,CONTINUITY,1.0,none
AR_uppers_1981,AR_kamle_2024,2024,SPLIT,1.0,none
AR_westka_1981,AR_tawang_1991,1991,SPLIT,1.0,none
AR_westsi_1981,AR_siang_1971,2024,SPLIT,1.0,none
AR_westsi_1981,AR_lowers_1981,2024,SPLIT,1.0,none
AR_westsi_1981,AR_lepara_2024,2024,SPLIT,1.0,none
AR_westsi_1981,AR_shiyom_2024,2024,SPLIT,1.0,none
AR_westsi_1981,AR_lowers_1981,2024,SPLIT,1.0,none
AP_ananta_2011,AP_srisat_2024,2024,SPLIT,1.0,none
AP_chitto_2011,AP_annama_2024,2024,SPLIT,1.0,none
AP_chitto_2011,AP_tirupa_2024,2024,SPLIT,1.0,none
AP_kadapa_2001,AP_ysr_2011,2011,SPLIT,1.0,none
AP_kadapa_2001,AP_ysr_2011,2011,SPLIT,1.0,none
AP_eastgo_2011,AP_alluri_2024,2024,SPLIT,1.0,none
AP_eastgo_2011,AP_drbram_2024,2024,SPLIT,1.0,none
AP_eastgo_2011,AP_kakina_2024,2024,SPLIT,1.0,none
AP_guntur_1951,AP_bapatl_2024,2024,SPLIT,1.0,none
AP_guntur_1951,AP_palnad_2024,2024,SPLIT,1.0,none
AP_krishn_2011,AP_ntr_2024,2024,SPLIT,1.0,none
AP_kurnoo_1951,AP_nandya_2024,2024,SPLIT,1.0,none
AP_sripot_1971,AP_prakas_1981,1981,SPLIT,1.0,none
AP_sripot_1971,AP_sripot_1971,2011,CONTINUITY,1.0,none
AP_sripot_1971,AP_sripot_1971,2011,CONTINUITY,1.0,none
AP_sripot_1971,AP_tirupa_2024,2024,SPLIT,1.0,none
AP_srikak_1971,AP_vizian_1981,1981,SPLIT,1.0,none
AP_srikak_1971,AP_vizian_1981,1981,SPLIT,1.0,none
AP_srikak_1971,AP_parvat_2024,2024,SPLIT,1.0,none
AP_visakh_1961,AP_vizian_1981,1981,SPLIT,1.0,none
AP_visakh_1961,AP_vizian_1981,1981,SPLIT,1.0,none
AP_visakh_1961,AP_vishak_1981,1981,SPLIT,1.0,none
AP_visakh_1961,AP_vishak_1981,1981,SPLIT,1.0,none
AP_visakh_1961,AP_vishak_1981,1981,SPLIT,1.0,none
AP_visakh_1961,AP_alluri_2024,2024,SPLIT,1.0,none
AP_visakh_1961,AP_anakap_2024,2024,SPLIT,1.0,none
AP_vishak_1981,AP_visakh_1961,1991,SPLIT,1.0,none
AP_vishak_1981,AP_visakh_1961,1991,SPLIT,1.0,none
AP_vishak_1981,AP_visakh_1961,1991,SPLIT,1.0,none
AP_vizaga_1951,AP_visakh_1961,1961,SPLIT,1.0,none
AP_vizaga_1951,AP_visakh_1961,1961,SPLIT,1.0,none
AP_vizaga_1951,AP_visakh_1961,1961,SPLIT,1.0,none
AP_vizaga_1951,AP_visakh_1961,1961,SPLIT,1.0,none
AP_vizaga_1951,AP_visakh_1961,1961,SPLIT,1.0,none
AP_vizian_1981,AP_parvat_2024,2024,SPLIT,1.0,none
AP_vizian_1981,AP_alluri_2024,2024,SPLIT,1.0,none
AP_westgo_2011,AP_eluru_2024,2024,SPLIT,1.0,none
AP_ysr_2011,AP_annama_2024,2024,SPLIT,1.0,none
AN_andama_1971,AN_andama_1971,1991,CONTINUITY,1.0,none
AN_andama_1971,AN_andama_1971,1991,CONTINUITY,1.0,none
AN_andama_1971,AN_nicoba_1981,1981,SPLIT,1.0,none
AN_andama_1971,AN_andama_1971,1981,CONTINUITY,1.0,none
AN_andama_1971,AN_andama_1971,1981,CONTINUITY,1.0,none
AN_andama_1971,AN_northm_2011,2011,SPLIT,1.0,none
AN_andama_1971,AN_southa_2011,2011,SPLIT,1.0,none
AN_nicoba_1981,AN_nicoba_1981,1991,CONTINUITY,1.0,none
AN_nicoba_1981,AN_nicoba_1981,2011,CONTINUITY,1.0,none
